inner_x,inner_y,center_x,center_y,outer_x,outer_y
-1.9322395557192,3.32085251940678,-2.28579294631247,2.9672991288135,-2.63934633690575,2.61374573822023
-1.87635316084975,3.26496612453733,-2.22990655144303,2.91141273394406,-2.5834599420363,2.55785934335078
-1.82046676598031,3.20907972966788,-2.17402015657358,2.85552633907461,-2.52757354716685,2.50197294848134
-1.76458037111086,3.15319333479844,-2.11813376170414,2.79963994420516,-2.47168715229741,2.44608655361189
-1.70869397624142,3.09730693992899,-2.06224736683469,2.74375354933572,-2.41580075742796,2.39020015874245
-1.65280758137197,3.04142054505955,-2.00636097196524,2.68786715446627,-2.35991436255852,2.334313763873
-1.59692118650252,2.9855341501901,-1.9504745770958,2.63198075959683,-2.30402796768907,2.27842736900355
-1.54103479163308,2.92964775532066,-1.89458818222635,2.57609436472738,-2.24814157281963,2.22254097413411
-1.48514839676363,2.87376136045121,-1.83870178735691,2.52020796985794,-2.19225517795018,2.16665457926466
-1.42926200189419,2.81787496558176,-1.78281539248746,2.46432157498849,-2.13636878308073,2.11076818439522
-1.37337560702474,2.76198857071232,-1.72692899761801,2.40843518011904,-2.08048238821129,2.05488178952577
-1.3174892121553,2.70610217584287,-1.67104260274857,2.3525487852496,-2.02459599334184,1.99899539465633
-1.26160281728585,2.65021578097343,-1.61515620787912,2.29666239038015,-1.9687095984724,1.94310899978688
-1.2057164224164,2.59432938610398,-1.55926981300968,2.24077599551071,-1.91282320360295,1.88722260491743
-1.14983002754696,2.53844299123454,-1.50338341814023,2.18488960064126,-1.85693680873351,1.83133621004799
-1.09394363267751,2.48255659636509,-1.44749702327079,2.12900320577182,-1.80105041386406,1.77544981517854
-1.03805723780807,2.42667020149564,-1.39161062840134,2.07311681090237,-1.74516401899461,1.7195634203091
-0.982170842938621,2.3707838066262,-1.33572423353189,2.01723041603292,-1.68927762412517,1.66367702543965
-0.926284448069175,2.31489741175675,-1.27983783866245,1.96134402116348,-1.63339122925572,1.6077906305702
-0.87039805319973,2.25901101688731,-1.223951443793,1.90545762629403,-1.57750483438628,1.55190423570076
-0.814511658330284,2.20312462201786,-1.16806504892356,1.84957123142459,-1.52161843951683,1.49601784083131
-0.758625263460838,2.14723822714842,-1.11217865405411,1.79368483655514,-1.46573204464739,1.44013144596187
-0.702738868591392,2.09135183227897,-1.05629225918467,1.7377984416857,-1.40984564977794,1.38424505109242
-0.646852473721947,2.03546543740952,-1.00040586431522,1.68191204681625,-1.35395925490849,1.32835865622298
-0.590966078852501,1.97957904254008,-0.944519469445775,1.6260256519468,-1.29807286003905,1.27247226135353
-0.535079683983055,1.92369264767063,-0.888633074576329,1.57013925707736,-1.2421864651696,1.21658586648409
-0.479193289113609,1.86780625280119,-0.832746679706883,1.51425286220791,-1.18630007030016,1.16069947161464
-0.423306894244164,1.81191985793174,-0.776860284837438,1.45836646733847,-1.13041367543071,1.10481307674519
-0.367420499374718,1.7560334630623,-0.720973889967992,1.40248007246902,-1.07452728056127,1.04892668187575
-0.311534104505272,1.70014706819285,-0.665087495098546,1.34659367759958,-1.01864088569182,0.993040287006302
-0.255647709635827,1.6442606733234,-0.609201100229101,1.29070728273013,-0.962754490822374,0.937153892136856
-0.199761314766381,1.58837427845396,-0.553314705359655,1.23482088786068,-0.906868095952929,0.881267497267411
-0.143874919896935,1.53248788358451,-0.497428310490209,1.17893449299124,-0.850981701083483,0.825381102397965
-0.0879885250274893,1.47660148871507,-0.441541915620763,1.12304809812179,-0.795095306214038,0.769494707528519
-0.0321021301580435,1.42071509384562,-0.385655520751318,1.06716170325235,-0.739208911344592,0.713608312659074
0.0237842647114024,1.36482869897617,-0.329769125881872,1.0112753083829,-0.683322516475146,0.657721917789628
0.0796706595808478,1.30894230410673,-0.273882731012426,0.955388913513456,-0.6274361216057,0.601835522920182
0.135557054450294,1.25305590923728,-0.21799633614298,0.89950251864401,-0.571549726736254,0.545949128050736
0.191443449319739,1.19716951436784,-0.162109941273535,0.843616123774564,-0.515663331866809,0.49006273318129
0.247329844189185,1.14128311949839,-0.106223546404089,0.787729728905119,-0.459776936997363,0.434176338311845
0.303216239058631,1.08539672462895,-0.0503371515346435,0.731843334035673,-0.403890542127918,0.378289943442399
0.359102633928076,1.0295103297595,0.00554924333480231,0.675956939166227,-0.348004147258472,0.322403548572954
0.414989028797522,0.973623934890055,0.0614356382042481,0.620070544296781,-0.292117752389026,0.266517153703508
0.470875423666968,0.917737540020609,0.117322033073694,0.564184149427336,-0.23623135751958,0.210630758834062
0.526761818536414,0.861851145151163,0.17320842794314,0.50829775455789,-0.180344962650134,0.154744363964616
0.582648213405859,0.805964750281718,0.229094822812585,0.452411359688444,-0.124458567780689,0.0988579690951704
0.638534608275305,0.750078355412273,0.284981217682031,0.396524964818999,-0.0685721729112428,0.0429715742257246
0.694421003144751,0.694191960542827,0.340867612551477,0.340638569949553,-0.0126857780417977,-0.0129148206437205
0.750307398014197,0.638305565673381,0.396754007420922,0.284752175080107,0.0432006168276481,-0.0688012155131663
0.806193792883643,0.582419170803935,0.452640402290368,0.228865780210662,0.0990870116970939,-0.124687610382612
0.862080187753088,0.526532775934489,0.508526797159814,0.172979385341216,0.15497340656654,-0.180574005252058
0.917966582622534,0.470646381065043,0.56441319202926,0.11709299047177,0.210859801435986,-0.236460400121504
0.97385297749198,0.414759986195598,0.620299586898706,0.0612065956023241,0.266746196305431,-0.29234679499095
1.02973937236143,0.358873591326152,0.676185981768152,0.00532020073287824,0.322632591174877,-0.348233189860395
1.08562576723087,0.302987196456707,0.732072376637597,-0.0505661941365668,0.378518986044322,-0.40411958472984
1.14151216210032,0.247100801587261,0.787958771507042,-0.106452589006013,0.434405380913768,-0.460005979599286
1.19739855696976,0.191214406717815,0.843845166376488,-0.162338983875458,0.490291775783214,-0.515892374468732
1.25328495183921,0.135328011848369,0.899731561245934,-0.218225378744904,0.54617817065266,-0.571778769338178
1.30917134670865,0.0794416169789235,0.95561795611538,-0.27411177361435,0.602064565522106,-0.627665164207624
1.31400870598814,0.0753101218496643,1.02011607984191,-0.329198375337809,0.72622345369567,-0.733706872525283
1.31943281757813,0.0719862219923632,1.09243756770835,-0.373517040101821,0.86544231783858,-0.819020302196004
1.32531012184966,0.0695517628528996,1.17080162466219,-0.405976495294677,1.01629312747472,-0.881504753442254
1.33149590006594,0.0680666888947914,1.25327866754582,-0.425777481402777,1.17506143502571,-0.919621651700346
1.33783783783784,0.0675675675675676,1.33783783783784,-0.432432432432432,1.33783783783784,-0.932432432432432
1.34417977560974,0.0680666888947914,1.42239700812985,-0.425777481402777,1.50061424064997,-0.919621651700346
1.35036555382601,0.0695517628528996,1.50487405101349,-0.405976495294677,1.65938254820096,-0.881504753442254
1.35624285809755,0.0719862219923632,1.58323810796732,-0.373517040101821,1.8102333578371,-0.819020302196004
1.36166696968753,0.0753101218496643,1.65555959583377,-0.329198375337809,1.94945222198001,-0.733706872525283
1.36650432896702,0.0794416169789235,1.7200577195603,-0.27411177361435,2.07361111015357,-0.627665164207624
1.37063582409628,0.0842789762584129,1.77514432128376,-0.209613649887823,2.17965281847123,-0.50350627603406
1.37395972395358,0.0897030878483964,1.81946298604777,-0.137292162021377,2.26496624814195,-0.36428741189115
1.37639418309305,0.0955803921199346,1.85192244124062,-0.0589281050675391,2.3274506993882,-0.213436602255013
1.37787925705115,0.101766170336207,1.87172342734872,0.0235489378160916,2.36556759764629,-0.0546682947040238
1.37837837837838,0.108108108108108,1.87837837837838,0.108108108108108,2.37837837837838,0.108108108108108
1.37787925705115,0.114450045880009,1.87172342734872,0.192667278400125,2.36556759764629,0.27088451092024
1.37639418309305,0.120635824096282,1.85192244124062,0.275144321283755,2.3274506993882,0.429652818471229
1.37395972395358,0.126513128367819,1.81946298604777,0.353508378237593,2.26496624814195,0.580503628107367
1.37063582409628,0.131937239957803,1.77514432128376,0.42582986610404,2.17965281847123,0.719722492250276
1.36650432896702,0.136774599237293,1.7200577195603,0.490327989830566,2.07361111015357,0.84388138042384
1.30528989335223,0.197989034852084,1.6588432839455,0.551542425445358,2.01239667453878,0.905095816038631
1.24407545773744,0.259203470466876,1.59762884833071,0.612756861060149,1.95118223892399,0.966310251653423
1.18286102212265,0.320417906081668,1.53641441271592,0.673971296674942,1.88996780330919,1.02752468726822
1.12164658650785,0.38163234169646,1.47519997710113,0.735185732289733,1.8287533676944,1.08873912288301
1.06043215089306,0.442846777311252,1.41398554148634,0.796400167904526,1.76753893207961,1.1499535584978
0.999217715278271,0.504061212926044,1.35277110587155,0.857614603519317,1.70632449646482,1.21116799411259
0.938003279663479,0.565275648540835,1.29155667025675,0.918829039134109,1.64511006085003,1.27238242972738
0.876788844048687,0.626490084155628,1.23034223464196,0.980043474748901,1.58389562523524,1.33359686534217
0.815574408433895,0.687704519770419,1.16912779902717,1.04125791036369,1.52268118962044,1.39481130095697
0.754359972819104,0.748918955385211,1.10791336341238,1.10247234597848,1.46146675400565,1.45602573657176
0.693145537204312,0.810133391000002,1.04669892779759,1.16368678159328,1.40025231839086,1.51724017218655
0.63193110158952,0.871347826614795,0.985484492182794,1.22490121720807,1.33903788277607,1.57845460780134
0.570716665974728,0.932562262229586,0.924270056568003,1.28611565282286,1.27782344716128,1.63966904341613
0.509502230359937,0.993776697844378,0.863055620953211,1.34733008843765,1.21660901154648,1.70088347903093
0.448287794745145,1.05499113345917,0.801841185338419,1.40854452405244,1.15539457593169,1.76209791464572
0.387073359130353,1.11620556907396,0.740626749723628,1.46975895966724,1.0941801403169,1.82331235026051
0.325858923515561,1.17742000468875,0.679412314108835,1.53097339528203,1.03296570470211,1.8845267858753
0.26464448790077,1.23863444030355,0.618197878494044,1.59218783089682,0.971751269087318,1.94574122149009
0.203430052285978,1.29984887591834,0.556983442879252,1.65340226651161,0.910536833472525,2.00695565710488
0.155311928493118,1.35096555934178,0.529567302578669,1.68252688846218,0.90382267666422,2.01408821758257
0.110367942146312,1.40489428316142,0.503959682450838,1.71325371947569,0.897551422755363,2.02161315578997
0.0687620889777161,1.46143826731244,0.480254021924544,1.74547064067802,0.891745954871373,2.0295030140436
0.0306461842335266,1.52039118892867,0.45853682038425,1.7790600960175,0.886427456534974,2.03772900310633
-0.00384069128338676,1.58153793519238,0.438887321543218,1.81389952121426,0.881615334369823,2.04626110723615
-0.0345726987042475,1.64465538825761,0.421377224291798,1.84986179098399,0.877327147287843,2.05506819371036
-0.0614377002667598,1.709513239383,0.406070421075948,1.88681568290427,0.873578542418655,2.06411812642554
-0.0843376684936417,1.77587482930341,0.393022764760631,1.92462635623101,0.870383198014904,2.07337788315862
-0.103189043884257,1.84349801177392,0.382281864828769,1.9631558439177,0.867752773541795,2.08281367606148
-0.117923039814174,1.91213603713519,0.373886913659398,2.00226355604214,0.865696867132969,2.0923910749491
-0.128485893530097,1.98153845267625,0.36786854351893,2.04180679280391,0.864222980567957,2.10207513293157
-0.134839062324322,2.05145201650924,0.364248714787337,2.08164126522038,0.863336491898995,2.11183051393152
-0.136959364172899,2.12162162162162,0.363040635827101,2.12162162162162,0.863040635827101,2.12162162162162
-0.134839062324322,2.19179122673401,0.364248714787337,2.16160197802287,0.863336491898995,2.13141272931172
-0.128485893530097,2.261704790567,0.36786854351893,2.20143645043934,0.864222980567957,2.14116811031167
-0.117923039814174,2.33110720610805,0.373886913659398,2.2409796872011,0.865696867132969,2.15085216829415
-0.103189043884257,2.39974523146932,0.382281864828769,2.28008739932555,0.867752773541795,2.16042956718177
-0.0843376684936417,2.46736841393983,0.393022764760631,2.31861688701223,0.870383198014904,2.16986536008463
-0.0614377002667598,2.53373000386024,0.406070421075948,2.35642756033898,0.873578542418655,2.17912511681771
-0.0345726987042471,2.59858785498564,0.421377224291798,2.39338145225926,0.877327147287843,2.18817504953288
-0.00384069128338638,2.66170530805087,0.438887321543218,2.42934372202898,0.881615334369823,2.1969821360071
0.0306461842335266,2.72285205431458,0.45853682038425,2.46418314722575,0.886427456534974,2.20551424013692
0.0687620889777165,2.7818049759308,0.480254021924545,2.49777260256523,0.891745954871373,2.21374022919965
0.110367942146312,2.83834896008182,0.503959682450838,2.52998952376755,0.897551422755363,2.22163008745328
0.155311928493118,2.89227768390147,0.529567302578669,2.56071635478107,0.90382267666422,2.22915502566067
0.203430052285978,2.94339436732491,0.556983442879252,2.58984097673163,0.910536833472525,2.23628758613836
0.25454673570942,2.99151249111777,0.586108064829817,2.61725711703222,0.917669393950215,2.24300174294667
0.308475459529064,3.03645647746457,0.616834895843336,2.64286473716005,0.925194332157607,2.24927299685552
0.365019443680082,3.07806233063317,0.64905181704566,2.66657039768634,0.933084190411237,2.25507846473951
0.423972365296311,3.11617823537736,0.682641272385139,2.68828759922663,0.941310179473968,2.26039696307591
0.485119111560019,3.15066511089427,0.717480697581903,2.70793709806767,0.949842283603787,2.26520908524106
0.548236564625248,3.18139711831513,0.753442967351627,2.72544719531909,0.958649370078005,2.26949727232304
0.61309441575064,3.20826211987765,0.790396859271908,2.74075399853494,0.967699302793176,2.27324587719223
0.679456005671054,3.23116208810453,0.828207532598656,2.75380165485025,0.976959059526257,2.27644122159598
0.747079188141561,3.25001346349514,0.86673702028534,2.76454255478212,0.986394852429118,2.27907164606909
0.815717213502832,3.26474745942506,0.905844732409785,2.77293750595149,0.995972251316738,2.28112755247792
0.885119629043888,3.27531031314098,0.945387969171549,2.77895587609196,1.00565630929921,2.28260143904293
0.955033192876876,3.28166348193521,0.985222441588019,2.78257570482355,1.01541169029916,2.28348792771189
1.02520279798926,3.28378378378378,1.02520279798926,2.78378378378378,1.02520279798926,2.28378378378378
1.07696568858975,3.28378378378378,1.07696568858975,2.78378378378378,1.07696568858975,2.28378378378378
1.12872857919023,3.28378378378378,1.12872857919023,2.78378378378378,1.12872857919023,2.28378378378378
1.18049146979072,3.28378378378378,1.18049146979072,2.78378378378378,1.18049146979072,2.28378378378378
1.2322543603912,3.28378378378378,1.2322543603912,2.78378378378378,1.2322543603912,2.28378378378378
1.28401725099169,3.28378378378378,1.28401725099169,2.78378378378378,1.28401725099169,2.28378378378378
1.33578014159217,3.28378378378378,1.33578014159217,2.78378378378378,1.33578014159217,2.28378378378378
1.38754303219266,3.28378378378378,1.38754303219266,2.78378378378378,1.38754303219266,2.28378378378378
1.43930592279314,3.28378378378378,1.43930592279314,2.78378378378378,1.43930592279314,2.28378378378378
1.49106881339363,3.28378378378378,1.49106881339363,2.78378378378378,1.49106881339363,2.28378378378378
1.54283170399411,3.28378378378378,1.54283170399411,2.78378378378378,1.54283170399411,2.28378378378378
1.59459459459459,3.28378378378378,1.59459459459459,2.78378378378378,1.59459459459459,2.28378378378378
1.67839128076824,3.28209602322192,1.65825831071353,2.78250152413613,1.63812534065883,2.28290702505035
1.76205204841048,3.27703547909011,1.72181876405212,2.77865682502301,1.68158547969376,2.2802781709559
1.84544119945027,3.26861035960946,1.78517285932261,2.77225592256044,1.72490451919494,2.27590148551141
1.92842347637966,3.25683433035458,1.84821783595078,2.76330919903562,1.7680121955219,2.26978406771666
2.01086428164204,3.24172649208796,1.91085143475402,2.75183116606683,1.81083858786599,2.2619358400457
2.09262989594978,3.22331134977854,1.972972063806,2.73784044106552,1.85331423166222,2.25236953235249
2.17358769517748,3.20161877285448,2.03447896321926,2.72135971703879,1.89537023126103,2.24110066122311
2.25360636547874,3.17668394675487,2.09527236857801,2.7024157257813,1.93693837167727,2.22814750480772
2.33255611627771,3.14854731585884,2.15525367275644,2.68103919451613,1.97795122923517,2.21353107317342
2.41030889078989,3.11725451788458,2.21432558585985,2.65726479605517,2.01834228092981,2.19727507422576
2.48673857373068,3.08285630986485,2.27239229302915,2.63113109255966,2.05804601232763,2.17940587525447
2.56172119587487,3.04540848581884,2.32935960985299,2.60268047299224,2.0969980238311,2.15995246016563
2.63513513513514,3.0049717862541,2.38513513513514,2.57195908436188,2.13513513513514,2.13894638246966
2.70686131383353,2.96161179964519,2.43962840076963,2.5390167568733,2.17239548770573,2.1164217141014
2.77678339184592,2.91539885604896,2.49275101848034,2.50390692310213,2.20871864511476,2.0924149901553
2.84478795530607,2.86640791302891,2.54441682318708,2.46668653132716,2.24404569106809,2.06696514962541
2.91076470056335,2.81471843407377,2.59454201276566,2.42741595315994,2.27831932496798,2.04011347224611
2.97460661309571,2.76041425970743,2.64304528397531,2.38615888562188,2.31148395485491,2.01190351153633
3.03621014108755,2.70358347149929,2.68984796433275,2.34298224782738,2.34348578757795,1.98238102415548
3.09547536339118,2.64431824919565,2.73487413971927,2.29795607244085,2.37427291604737,1.95159389568605
3.15230615159932,2.58271472120382,2.77805077751377,2.25115339208342,2.40379540342822,1.91959206296302
3.20661032596566,2.51887280867146,2.81930784505183,2.20265012087377,2.43200536413801,1.88642743307608
3.2582998049208,2.45289606341417,2.85857842321905,2.15252493129518,2.4588570415173,1.85215379917619
3.30729074794085,2.38489149995403,2.89579881499402,2.10085912658845,2.4843068820472,1.81682675322287
3.35350369153709,2.31496942194164,2.93090864876519,2.04773650887774,2.50831360599329,1.78050359581384
3.39686367814599,2.24324324324324,2.96385097625377,1.99324324324324,2.53083827436156,1.74324324324324
3.43730037771073,2.16982930398298,2.99457236488413,1.93746771796109,2.55184435205752,1.70510613193921
3.47474820175674,2.09484668183879,3.02302298445155,1.88050040113726,2.57129776714636,1.66615412043573
3.50914640977647,2.01841699889799,3.04915668794706,1.82243369396796,2.58916696611765,1.62645038903792
3.54043920775073,1.94066422438582,3.07293108640802,1.76336178086455,2.60542296506531,1.58605933734328
3.56857583864676,1.86171447358685,3.09430761767319,1.70338047668611,2.62003939669962,1.54504647978538
3.59351066474637,1.78169580328559,3.11325160893068,1.64258707132736,2.632992553115,1.50347833936914
3.61520324167043,1.70073800405789,3.12973233295741,1.58108017191411,2.64426142424438,1.46142233977033
3.63361838397986,1.61897238975015,3.14372305795872,1.51895954286212,2.65382773193759,1.4189466959741
3.64872622224647,1.53653158448777,3.15520109092751,1.45632594405889,2.66167595960855,1.37612030363001
3.66050225150136,1.45354930755837,3.16414781445233,1.39328096743071,2.6677933774033,1.33301262730305
3.668927370982,1.37016015651859,3.1705487169149,1.32992687216023,2.67217006284779,1.28969358780187
3.67398791511381,1.28649938887635,3.17439341602802,1.26636641882164,2.67479891694224,1.24623344876694
3.67567567567568,1.2027027027027,3.17567567567568,1.2027027027027,2.67567567567568,1.2027027027027
3.67567567567568,1.14011379800853,3.17567567567568,1.14011379800853,2.67567567567568,1.14011379800853
3.67567567567568,1.07752489331437,3.17567567567568,1.07752489331437,2.67567567567568,1.07752489331437
3.67567567567568,1.0149359886202,3.17567567567568,1.0149359886202,2.67567567567568,1.0149359886202
3.67567567567568,0.952347083926031,3.17567567567568,0.952347083926031,2.67567567567568,0.952347083926031
3.67567567567568,0.889758179231864,3.17567567567568,0.889758179231864,2.67567567567568,0.889758179231864
3.67567567567568,0.827169274537696,3.17567567567568,0.827169274537696,2.67567567567568,0.827169274537696
3.67567567567568,0.764580369843528,3.17567567567568,0.764580369843528,2.67567567567568,0.764580369843528
3.67567567567568,0.70199146514936,3.17567567567568,0.70199146514936,2.67567567567568,0.70199146514936
3.67567567567568,0.639402560455192,3.17567567567568,0.639402560455192,2.67567567567568,0.639402560455192
3.67567567567568,0.576813655761024,3.17567567567568,0.576813655761024,2.67567567567568,0.576813655761024
3.67567567567568,0.514224751066857,3.17567567567568,0.514224751066857,2.67567567567568,0.514224751066857
3.67567567567568,0.451635846372689,3.17567567567568,0.451635846372689,2.67567567567568,0.451635846372689
3.67567567567568,0.389046941678521,3.17567567567568,0.389046941678521,2.67567567567568,0.389046941678521
3.67567567567568,0.326458036984352,3.17567567567568,0.326458036984352,2.67567567567568,0.326458036984352
3.67567567567568,0.263869132290185,3.17567567567568,0.263869132290185,2.67567567567568,0.263869132290185
3.67567567567568,0.201280227596017,3.17567567567568,0.201280227596017,2.67567567567568,0.201280227596017
3.67567567567568,0.138691322901849,3.17567567567568,0.138691322901849,2.67567567567568,0.138691322901849
3.67567567567568,0.0761024182076816,3.17567567567568,0.0761024182076816,2.67567567567568,0.0761024182076816
3.67567567567568,0.0135135135135135,3.17567567567568,0.0135135135135135,2.67567567567568,0.0135135135135135
3.67421035351498,-0.0723006283052712,3.17450184233189,-0.0552300732122871,2.6747933311488,-0.0381595181193029
3.66981609553298,-0.158014714673362,3.17098171093771,-0.123893507991027,2.67214732634244,-0.0897723013086912
3.65484604616978,-0.242742159500694,3.15746740674073,-0.191610085029677,2.66008876731168,-0.14047801055866
3.63702335292569,-0.326648327555197,3.14168037990752,-0.258565003007074,2.64633740688936,-0.190481678458951
3.61638660347906,-0.409637526457047,3.12365684462047,-0.324682333942714,2.63092708576187,-0.239727141428381
3.59297758318135,-0.491615739682858,3.10343553934019,-0.389887733156542,2.61389349549903,-0.288159726630225
3.56684120567204,-0.572490732984002,3.08105766097307,-0.454108522750779,2.59527411627409,-0.335726312517555
3.5380254399675,-0.652172158023194,3.0565667962936,-0.517273772444682,2.5751081526197,-0.38237538686617
3.50658123413271,-0.730571653113099,3.03000885072563,-0.579314377672561,2.55343646731855,-0.428057102232023
3.47256243564852,-0.807602940944825,3.00143197458911,-0.640163134859332,2.5303015135297,-0.472723328773839
3.43602570859104,-0.883181923198568,2.97088648692212,-0.699754813792039,2.50574726525321,-0.51632770438551
3.39703044774302,-0.957226771933046,2.93842479699029,-0.758026227009925,2.47981914623756,-0.558825682086804
3.3556386897604,-1.02965801765498,2.90410132359813,-0.814916296139938,2.45256395743587,-0.600174574624897
3.3119150215206,-1.10039863397443,2.86797241231941,-0.870366115108853,2.42402980311822,-0.640333596243276
3.26592648578175,-1.16937411875667,2.83009625076537,-0.924319010167665,2.394266015749,-0.679263901578657
3.21774248428523,-1.23651257168608,2.79053278201199,-0.976720596668362,2.36332307973874,-0.716928621650645
3.16743467843619,-1.30174476816235,2.74934361630884,-1.02751883253769,2.33125255418148,-0.753292896913029
3.11507688769939,-1.36500422945462,2.70659194119417,-1.07666406839719,2.29810699468895,-0.788323907339757
3.06074498584983,-1.42622728904392,2.66234243014188,-1.12410909428338,2.26393987443393,-0.821990899522828
3.00451679521981,-1.48535315508957,2.6166611498676,-1.16980918292654,2.22880550451539,-0.854265210763516
2.94647197908579,-1.54232396896055,2.56961546642211,-1.21372212955157,2.19275895375843,-0.885120290142579
2.88669193234027,-1.59708485977791,2.52127395020121,-1.25580828816858,2.15585596806215,-0.914531716559252
2.8252596705953,-1.64958399491963,2.47170628000203,-1.29603060432635,2.11815288940876,-0.942477213733081
2.7622597178656,-1.69977262644493,2.42098314625627,-1.33435464430587,2.07970657464695,-0.968936662166809
2.69777799298029,-1.74760513340004,2.3691761535713,-1.37074862073636,2.04057431416232,-0.993892108072683
2.63190169487327,-1.79303905997316,2.31635772271025,-1.40518341462095,2.00081375054722,-1.01732776926874
2.56471918690292,-1.83603514947164,2.26260099214237,-1.43763259376369,1.96048279738182,-1.03923003805573
2.49631988035223,-1.87655737409983,2.2079797192948,-1.46807242759461,1.91963955823737,-1.05958748108939
2.42679411726116,-1.91457296052162,2.1525681816365,-1.49648189839427,1.87834224601184,-1.07839083626691
2.35623305274255,-1.95005241119686,2.09644107772484,-1.52284270892361,1.83664910270712,-1.09563300665037
2.28472853693352,-1.98296952148666,2.03967342834451,-1.54713928647028,1.7946183197555,-1.11130905145391
2.21237299673348,-2.01330139252767,1.98234047786791,-1.56935878332648,1.75230795900233,-1.12541617412529
2.13925931747987,-2.04102843988095,1.92451759596483,-1.58949107371868,1.70977587444979,-1.13795370755642
2.06548072471167,-2.06613439796642,1.86628017978855,-1.60752874721369,1.66707963486542,-1.14892309646097
1.99113066617029,-2.08860632029915,1.80770355676377,-1.62346709863023,1.62427644735724,-1.15832787696132
1.9163026941863,-2.10843457554908,1.74886288810081,-1.63730411448967,1.58142308201532,-1.16617365343026
1.84109034859901,-2.12561283945091,1.68983307315847,-1.64904045604383,1.53857579771793,-1.17246807263675
1.76558704035494,-2.14013808259618,1.63068865477643,-1.65867943892228,1.49579026919792,-1.17722079524838
1.68988593592947,-2.15201055414456,1.57150372569625,-1.66622700944559,1.45312151546303,-1.18044346474662
1.614079842714,-2.16123376149645,1.51235183618768,-1.67169171765529,1.41062382966137,-1.18214967381413
1.5382610955094,-2.16781444597401,1.45330590299507,-1.67508468711541,1.36835071048073,-1.18235492825681
1.46252144426428,-2.17176255456247,1.39443811971615,-1.6764195815443,1.32635479516803,-1.18107660852614
1.38695194319421,-2.17309120776853,1.33581986872319,-1.67571256833948,1.28468779425217,-1.17833392891044
1.31164284141584,-2.17181666365728,1.2775216347335,-1.67298227906201,1.24340042805117,-1.17414789446674
1.23668347522713,-2.16795827813357,1.21961292013414,-1.66824976695048,1.20254236504116,-1.16854125576739
1.16216216216216,-2.16153846153846,1.16216216216216,-1.66153846153846,1.16216216216216,-1.16153846153846
1.08816609694621,-2.15258263163563,1.1052366520392,-1.65287412045254,1.12230720713218,-1.15316560926945
1.01478124947355,-2.1411191630668,1.04890245615589,-1.64228477847153,1.08302366283823,-1.14345039387626
0.942092264927444,-2.1271793333597,0.993224339398461,-1.62980069393065,1.04435641386948,-1.1324220545016
0.870182366158277,-2.11079726557562,0.938265690706401,-1.61545429255745,1.00634901525452,-1.12011131953929
0.799133258432514,-2.09200986768807,0.884088450946847,-1.59928010882948,0.96904364346118,-1.10655034997088
0.729025036661337,-2.07085676878732,0.830753043187654,-1.58131472494615,0.932481049713971,-1.09177268110499
0.659936095214313,-2.0473802522094,0.778318305447536,-1.56159670751043,0.89670051568076,-1.07581316281146
0.591943040419479,-2.02162518569184,0.726841425997991,-1.54016654201794,0.861739811576503,-1.05870789834404
0.525120605847315,-1.99363894866125,0.676377881287853,-1.51706656525417,0.827635156728391,-1.04049418184709
0.459541570472018,-1.96347135676157,0.626981376557511,-1.49234089570216,0.794421182643005,-1.02121043464275
0.395276679799318,-1.93117458373428,0.578703789205846,-1.46603536206537,0.762130898612374,-1.00089614039645
0.332394570045812,-1.89680308076541,0.531595114968932,-1.43819743001268,0.730795659892053,-0.979591779259958
0.270961695450468,-1.86041349341604,0.485703416965509,-1.40887612725378,0.70044513848055,-0.957338761091509
0.211042258794475,-1.82206457625639,0.441074777660051,-1.3781219670552,0.671107296525627,-0.934179357854011
0.152698145201119,-1.78181710532525,0.397753253790128,-1.34598687030888,0.642808362379137,-0.910156635292502
0.0959888592828007,-1.73973378853926,0.355780834300517,-1.31252408626602,0.615572809318234,-0.885314383992771
0.0409714656975985,-1.69587917417808,0.315197401322258,-1.27778811205073,0.589423336946917,-0.859697049923371
-0.0122994668268684,-1.65031955757386,0.276040694230565,-1.24183461106864,0.564380855287999,-0.833349664563423
-0.0637719179493472,-1.60312288613468,0.2383462768112,-1.20472033042673,0.540464471571747,-0.806317774718776
-0.113396464602471,-1.55435866283334,0.202147507560556,-1.16650301748113,0.517691479723582,-0.778647372128921
-0.16112632626862,-1.50409784829428,0.167475513140366,-1.1272413356306,0.496077352549352,-0.75038482296692
-0.212167815399722,-1.45803457672217,0.129108756209605,-1.09261659458311,0.470385327818932,-0.727198612444044
-0.261606897253994,-1.41025554590264,0.0919464933392794,-1.05670215530937,0.445499883932553,-0.703148764716095
-0.316542351918439,-1.35260373817365,0.0370110386748345,-0.999050347580375,0.390564429268108,-0.645496956987101
-0.374194159647433,-1.29495193044465,-0.0206407690541597,-0.941398539851381,0.332912621539114,-0.587845149258107
-0.431845967376427,-1.23730012271566,-0.0782925767831538,-0.883746732122387,0.27526081381012,-0.530193341529113
-0.489497775105422,-1.17964831498667,-0.135944384512148,-0.826094924393393,0.217609006081126,-0.472541533800119
-0.547149582834416,-1.12199650725767,-0.193596192241142,-0.768443116664399,0.159957198352132,-0.414889726071125
-0.60480139056341,-1.06434469952868,-0.251247999970136,-0.710791308935404,0.102305390623137,-0.35723791834213
-0.662453198292404,-1.00669289179968,-0.30889980769913,-0.65313950120641,0.0446535828941433,-0.299586110613136
-0.720105006021398,-0.94904108407069,-0.366551615428124,-0.595487693477416,-0.0129982248348509,-0.241934302884142
-0.777756813750392,-0.891389276341696,-0.424203423157119,-0.537835885748422,-0.070650032563845,-0.184282495155148
-0.835408621479386,-0.833737468612702,-0.481855230886113,-0.480184078019428,-0.128301840292839,-0.126630687426154
-0.89306042920838,-0.776085660883708,-0.539507038615107,-0.422532270290433,-0.185953648021834,-0.068978879697159
-0.950712236937375,-0.718433853154713,-0.597158846344101,-0.364880462561439,-0.243605455750827,-0.0113270719681657
-1.00836404466637,-0.660782045425719,-0.654810654073095,-0.307228654832445,-0.301257263479822,0.0463247357608292
-1.06601585239536,-0.603130237696725,-0.712462461802089,-0.249576847103451,-0.358909071208816,0.103976543489823
-1.12366766012436,-0.545478429967731,-0.770114269531084,-0.191925039374457,-0.416560878937811,0.161628351218817
-1.18131946785335,-0.487826622238736,-0.827766077260078,-0.134273231645462,-0.474212686666805,0.219280158947812
-1.23897127558235,-0.430174814509742,-0.885417884989072,-0.0766214239164682,-0.531864494395799,0.276931966676806
-1.29662308331134,-0.372523006780748,-0.943069692718066,-0.0189696161874745,-0.589516302124792,0.334583774405799
-1.35427489104033,-0.314871199051754,-1.00072150044706,0.0386821915415201,-0.647168109853787,0.392235582134794
-1.41192669876933,-0.25721939132276,-1.05837330817605,0.0963339992705142,-0.704819917582781,0.449887389863788
-1.46957850649832,-0.199567583593766,-1.11602511590505,0.153985806999508,-0.762471725311775,0.507539197592782
-1.52723031422732,-0.141915775864772,-1.17367692363404,0.211637614728502,-0.820123533040769,0.565191005321776
-1.58488212195631,-0.0842639681357774,-1.23132873136304,0.269289422457497,-0.877775340769764,0.62284281305077
-1.6425339296853,-0.0266121604067833,-1.28898053909203,0.326941230186491,-0.935427148498758,0.680494620779765
-1.7001857374143,0.0310396473222108,-1.34663234682103,0.384593037915485,-0.993078956227752,0.738146428508759
-1.75783754514329,0.088691455051205,-1.40428415455002,0.442244845644479,-1.05073076395675,0.795798236237753
-1.81548935287229,0.146343262780199,-1.46193596227901,0.499896653373473,-1.10838257168574,0.853450043966747
-1.87314116060128,0.203995070509193,-1.51958777000801,0.557548461102467,-1.16603437941473,0.911101851695741
-1.93079296833028,0.261646878238187,-1.577239577737,0.615200268831461,-1.22368618714373,0.968753659424735
-1.93563032760977,0.265778373367447,-1.64173770146353,0.67028687055492,-1.34784507531729,1.07479536774239
-1.94105443919975,0.269102273224748,-1.71405918932998,0.714605535318932,-1.4870639394602,1.16010879741312
-1.94693174347129,0.271536732364211,-1.79242324628381,0.747064990511788,-1.63791474909634,1.22259324865937
-1.95311752168756,0.27302180632232,-1.87490028916744,0.766865976619888,-1.79668305664733,1.26071014691746
-1.95945945945946,0.273520927649543,-1.95945945945946,0.773520927649543,-1.95945945945946,1.27352092764954
-1.96580139723136,0.27302180632232,-2.04401862975148,0.766865976619888,-2.12223586227159,1.26071014691746
-1.97198717544763,0.271536732364211,-2.12649567263511,0.747064990511788,-2.28100416982258,1.22259324865937
-1.97786447971917,0.269102273224748,-2.20485972958894,0.714605535318931,-2.43185497945872,1.16010879741312
-1.98328859130915,0.265778373367447,-2.27718121745539,0.67028687055492,-2.57107384360163,1.07479536774239
-1.98812595058864,0.261646878238187,-2.34167934118192,0.615200268831461,-2.69523273177519,0.968753659424735
-1.9922574457179,0.256809518958698,-2.39676594290538,0.550702145104934,-2.80127444009285,0.844594771251171
-1.9955813455752,0.251385407368715,-2.44108460766939,0.478380657238487,-2.88658786976357,0.70537590710826
-1.99801580471467,0.245508103097176,-2.47354406286225,0.40001660028465,-2.94907232100982,0.554525097472124
-1.99950087867278,0.239322324880904,-2.49334504897035,0.317539557401019,-2.98718921926791,0.395756789921135
-2,0.232980387109003,-2.5,0.232980387109003,-3,0.232980387109003
-2,0.149034070456255,-2.5,0.149034070456255,-3,0.149034070456255
-2,0.0650877538035081,-2.5,0.0650877538035081,-3,0.0650877538035081
-2,-0.0188585628492396,-2.5,-0.0188585628492396,-3,-0.0188585628492396
-2,-0.102804879501987,-2.5,-0.102804879501987,-3,-0.102804879501987
-2,-0.186751196154734,-2.5,-0.186751196154734,-3,-0.186751196154734
-2,-0.270697512807482,-2.5,-0.270697512807482,-3,-0.270697512807482
-2,-0.354643829460229,-2.5,-0.354643829460229,-3,-0.354643829460229
-2,-0.438590146112977,-2.5,-0.438590146112977,-3,-0.438590146112977
-2,-0.522536462765724,-2.5,-0.522536462765724,-3,-0.522536462765724
-2,-0.606482779418472,-2.5,-0.606482779418472,-3,-0.606482779418472
-2,-0.690429096071219,-2.5,-0.690429096071219,-3,-0.690429096071219
-2,-0.774375412723967,-2.5,-0.774375412723967,-3,-0.774375412723967
-2,-0.858321729376714,-2.5,-0.858321729376714,-3,-0.858321729376714
-2,-0.942268046029461,-2.5,-0.942268046029461,-3,-0.942268046029461
-2,-1.02621436268221,-2.5,-1.02621436268221,-3,-1.02621436268221
-2,-1.11016067933496,-2.5,-1.11016067933496,-3,-1.11016067933496
-2,-1.1941069959877,-2.5,-1.1941069959877,-3,-1.1941069959877
-2,-1.27805331264045,-2.5,-1.27805331264045,-3,-1.27805331264045
-2,-1.3619996292932,-2.5,-1.3619996292932,-3,-1.3619996292932
-2,-1.44594594594595,-2.5,-1.44594594594595,-3,-1.44594594594595
-1.99830059726844,-1.47620661516306,-2.49515670221507,-1.53218885321471,-2.99201280716169,-1.58817109126636
-1.99322376004914,-1.50608673890711,-2.48068771614005,-1.61734720588527,-2.96815167223097,-1.72860767286343
-1.98483333251578,-1.53521055728518,-2.45677499766996,-1.70035008826276,-2.92871666282414,-1.86548961924035
-1.97323482916282,-1.56321182138312,-2.42371926311403,-1.7801536909419,-2.87420369706524,-1.99709556050068
-1.95857410789954,-1.5897383990582,-2.38193620751368,-1.85575443731587,-2.80529830712782,-2.12177047557354
-1.94103553580217,-1.61445670320506,-2.33195127703619,-1.92620160413443,-2.7228670182702,-2.2379465050638
-1.92083967059096,-1.63705588680718,-2.27439306118423,-1.99060927740045,-2.62794645177751,-2.34416266799372
-1.89824048698885,-1.65725175201839,-2.20998538791821,-2.0481674932524,-2.52173028884758,-2.43908323448642
-1.87352218284198,-1.67479032411575,-2.13953822109965,-2.09815242372989,-2.40555425935732,-2.52151452334404
-1.84699560516691,-1.68945104537903,-2.06393747472569,-2.13993547933024,-2.28087934428447,-2.59041991328145
-1.81899434106896,-1.70104954873199,-1.98413387204655,-2.17299121388618,-2.14927340302413,-2.64493287904036
-1.7898705226909,-1.70943997626536,-1.90113098966905,-2.19690393235627,-2.01239145664721,-2.68436788844718
-1.75999039894684,-1.71451681348466,-1.81597263699849,-2.21137291843128,-1.87195487505015,-2.7082290233779
-1.72972972972973,-1.71621621621622,-1.72972972972973,-2.21621621621622,-1.72972972972973,-2.71621621621622
-1.64864864864865,-1.71621621621622,-1.64864864864865,-2.21621621621622,-1.64864864864865,-2.71621621621622
-1.5649199217407,-1.71959036856305,-1.60515320609907,-2.21796902263016,-1.64538649045743,-2.71634767669726
-1.48173420775611,-1.72969094293082,-1.56193984818499,-2.22321607424978,-1.64214548861387,-2.71674120556873
-1.39963099797106,-1.74645243321884,-1.51928883011483,-2.23192334193186,-1.63894666225861,-2.71739425064489
-1.31914276320658,-1.76976613473067,-1.47747676010731,-2.24403435570425,-1.63581075700805,-2.71830257667782
-1.240791500551,-1.79948084916582,-1.43677480548104,-2.25947057099523,-1.63275811041108,-2.71946029282464
-1.16508534800851,-1.83540386519869,-1.3974469340304,-2.27813187802529,-1.62980852005228,-2.7208598908519
-1.09251528902918,-1.87730220828551,-1.35974820209308,-2.29989725105741,-1.62698111515698,-2.72249229382931
-1.02355196829291,-1.92490415159365,-1.3239231004119,-2.3246255332954,-1.62429423253089,-2.72434691499716
-0.958642639398091,-1.9779009782544,-1.29020396851849,-2.35215635233995,-1.62176529763889,-2.7264117264255
-0.898208264250355,-2.03594898351028,-1.25880948792226,-2.38231116026508,-1.61941071159417,-2.72867333701988
-0.842640782963116,-2.09867170377238,-1.22994326387694,-2.41489439157007,-1.61724574479077,-2.73111707936775
-0.79230057197552,-2.1656623581311,-1.20379250492235,-2.44969473149667,-1.61528443786918,-2.73372710486225
-0.747514106872949,-2.23648648648649,-1.18052680876517,-2.48648648648649,-1.61353951065739,-2.73648648648649
-0.708571845067575,-2.31068476718871,-1.16029706237277,-2.52503104789024,-1.61202227967796,-2.73937732859177
-0.675726342070582,-2.3877759959152,-1.14323446341329,-2.56507843943647,-1.610742584756,-2.74238088295774
-0.649190613572762,-2.46726020646531,-1.12944966938845,-2.60636893842354,-1.60970872520413,-2.74547767038177
-0.629136753956019,-2.54862191323304,-1.11903207997715,-2.64863476012106,-1.60892740599829,-2.74864760700908
-0.615694820195269,-2.63133345432892,-1.1120492572443,-2.69160179445658,-1.60840369429332,-2.75187013458424
-0.608951988389043,-2.71485841366993,-1.10854648747483,-2.73499138372464,-1.60814098656061,-2.75512435377935
-0.608951988389043,-2.79865509984358,-1.10854648747483,-2.77852212978887,-1.60814098656061,-2.75838915973417
-0.615694820195269,-2.88218005918459,-1.1120492572443,-2.82191171905693,-1.60840369429332,-2.76164337892927
-0.629136753956019,-2.96489160028048,-1.11903207997715,-2.86487875339246,-1.60892740599829,-2.76486590650443
-0.649190613572762,-3.0462533070482,-1.12944966938845,-2.90714457508998,-1.60970872520413,-2.76803584313175
-0.675726342070582,-3.12573751759831,-1.14323446341329,-2.94843507407705,-1.610742584756,-2.77113263055578
-0.708571845067575,-3.2028287463248,-1.16029706237277,-2.98848246562327,-1.61202227967796,-2.77413618492175
-0.747514106872949,-3.27702702702703,-1.18052680876517,-3.02702702702703,-1.61353951065739,-2.77702702702703
-0.79230057197552,-3.34785115538242,-1.20379250492235,-3.06381878201684,-1.61528443786918,-2.77978640865126
-0.842640782963116,-3.41484180974114,-1.22994326387694,-3.09861912194345,-1.61724574479077,-2.78239643414576
-0.898208264250355,-3.47756453000323,-1.25880948792226,-3.13120235324843,-1.61941071159417,-2.78484017649363
-0.958642639398091,-3.53561253525912,-1.29020396851849,-3.16135716117357,-1.62176529763889,-2.78710178708802
-1.02355196829291,-3.58860936191986,-1.3239231004119,-3.18888798021811,-1.62429423253089,-2.78916659851636
-1.09251528902918,-3.636211305228,-1.35974820209308,-3.21361626245611,-1.62698111515698,-2.79102121968421
-1.16508534800851,-3.67810964831483,-1.3974469340304,-3.23538163548822,-1.62980852005228,-2.79265362266162
-1.240791500551,-3.7140326643477,-1.43677480548104,-3.25404294251828,-1.63275811041108,-2.79405322068887
-1.31914276320658,-3.74374737878284,-1.47747676010731,-3.26947915780927,-1.63581075700805,-2.7952109368357
-1.39963099797106,-3.76706108029468,-1.51928883011483,-3.28159017158165,-1.63894666225861,-2.79611926286862
-1.48173420775611,-3.78382257058269,-1.56193984818499,-3.29029743926374,-1.64214548861387,-2.79677230794478
-1.5649199217407,-3.79392314495046,-1.60515320609907,-3.29554449088336,-1.64538649045743,-2.79716583681625
-1.64864864864865,-3.7972972972973,-1.64864864864865,-3.2972972972973,-1.64864864864865,-2.7972972972973
-1.70045045045045,-3.7972972972973,-1.70045045045045,-3.2972972972973,-1.70045045045045,-2.7972972972973
-1.75225225225225,-3.7972972972973,-1.75225225225225,-3.2972972972973,-1.75225225225225,-2.7972972972973
-1.80405405405405,-3.7972972972973,-1.80405405405405,-3.2972972972973,-1.80405405405405,-2.7972972972973
-1.85585585585586,-3.7972972972973,-1.85585585585586,-3.2972972972973,-1.85585585585586,-2.7972972972973
-1.90765765765766,-3.7972972972973,-1.90765765765766,-3.2972972972973,-1.90765765765766,-2.7972972972973
-1.95945945945946,-3.7972972972973,-1.95945945945946,-3.2972972972973,-1.95945945945946,-2.7972972972973
-1.97214333500326,-3.79829553995175,-2.05036056752338,-3.30445136965418,-2.12857780004349,-2.81060719935661
-1.98451489143581,-3.80126568786796,-2.13902338862328,-3.32573742972038,-2.29353188581075,-2.85020917157281
-1.99626949997888,-3.80613460614689,-2.22326474984866,-3.36063134405271,-2.45025999971843,-2.91512808195852
-2.00711772315885,-3.81278240586149,-2.30101034930509,-3.40827390867402,-2.59490297545132,-3.00376541148654
-2.01679244171783,-3.82104539612001,-2.3703458323111,-3.46749200552674,-2.72389922290438,-3.11393861493346
-2.02505543197635,-3.83072011467899,-2.42956392916382,-3.53682748853275,-2.83407242635129,-3.24293486238652
-2.03170323169095,-3.84156833785896,-2.47720649378513,-3.61457308798918,-2.92270975587932,-3.38757783811941
-2.03657214996988,-3.85332294640203,-2.51210040811745,-3.69881444921456,-2.98762866626503,-3.54430595202708
-2.03954229788609,-3.86569450283458,-2.53338646818366,-3.78747727031446,-3.02723063848123,-3.70926003779435
-2.04054054054054,-3.87837837837838,-2.54054054054054,-3.87837837837838,-3.04054054054054,-3.87837837837838
-2.03954229788609,-3.89106225392218,-2.53338646818366,-3.9692794864423,-3.02723063848123,-4.04749671896241
-2.03657214996988,-3.90343381035473,-2.51210040811745,-4.0579423075422,-2.98762866626503,-4.21245080472967
-2.03170323169095,-3.9151884188978,-2.47720649378513,-4.14218366876758,-2.92270975587932,-4.36917891863735
-2.02505543197635,-3.92603664207777,-2.42956392916382,-4.21992926822401,-2.83407242635129,-4.51382189437024
-2.01679244171783,-3.93571136063675,-2.3703458323111,-4.28926475123002,-2.72389922290438,-4.6428181418233
-2.00711772315885,-3.94397435089527,-2.30101034930509,-4.34848284808274,-2.59490297545132,-4.75299134527021
-1.99626949997888,-3.95062215060987,-2.22326474984866,-4.39612541270405,-2.45025999971843,-4.84162867479824
-1.98451489143581,-3.9554910688888,-2.13902338862328,-4.43101932703637,-2.29353188581075,-4.90654758518395
-1.97214333500326,-3.95846121680501,-2.05036056752338,-4.45230538710258,-2.12857780004349,-4.94614955740015
-1.95945945945946,-3.95945945945946,-1.95945945945946,-4.45945945945946,-1.95945945945946,-4.95945945945946
-1.87135135135135,-3.95945945945946,-1.87135135135135,-4.45945945945946,-1.87135135135135,-4.95945945945946
-1.78324324324324,-3.95945945945946,-1.78324324324324,-4.45945945945946,-1.78324324324324,-4.95945945945946
-1.69513513513514,-3.95945945945946,-1.69513513513514,-4.45945945945946,-1.69513513513514,-4.95945945945946
-1.60702702702703,-3.95945945945946,-1.60702702702703,-4.45945945945946,-1.60702702702703,-4.95945945945946
-1.51891891891892,-3.95945945945946,-1.51891891891892,-4.45945945945946,-1.51891891891892,-4.95945945945946
-1.43081081081081,-3.95945945945946,-1.43081081081081,-4.45945945945946,-1.43081081081081,-4.95945945945946
-1.3427027027027,-3.95945945945946,-1.3427027027027,-4.45945945945946,-1.3427027027027,-4.95945945945946
-1.25459459459459,-3.95945945945946,-1.25459459459459,-4.45945945945946,-1.25459459459459,-4.95945945945946
-1.16648648648649,-3.95945945945946,-1.16648648648649,-4.45945945945946,-1.16648648648649,-4.95945945945946
-1.07837837837838,-3.95945945945946,-1.07837837837838,-4.45945945945946,-1.07837837837838,-4.95945945945946
-0.99027027027027,-3.95945945945946,-0.99027027027027,-4.45945945945946,-0.99027027027027,-4.95945945945946
-0.902162162162162,-3.95945945945946,-0.902162162162162,-4.45945945945946,-0.902162162162162,-4.95945945945946
-0.814054054054054,-3.95945945945946,-0.814054054054054,-4.45945945945946,-0.814054054054054,-4.95945945945946
-0.725945945945946,-3.95945945945946,-0.725945945945946,-4.45945945945946,-0.725945945945946,-4.95945945945946
-0.637837837837838,-3.95945945945946,-0.637837837837838,-4.45945945945946,-0.637837837837838,-4.95945945945946
-0.54972972972973,-3.95945945945946,-0.54972972972973,-4.45945945945946,-0.54972972972973,-4.95945945945946
-0.461621621621622,-3.95945945945946,-0.461621621621622,-4.45945945945946,-0.461621621621622,-4.95945945945946
-0.373513513513513,-3.95945945945946,-0.373513513513513,-4.45945945945946,-0.373513513513513,-4.95945945945946
-0.285405405405406,-3.95945945945946,-0.285405405405406,-4.45945945945946,-0.285405405405406,-4.95945945945946
-0.197297297297297,-3.95945945945946,-0.197297297297297,-4.45945945945946,-0.197297297297297,-4.95945945945946
-0.109189189189189,-3.95945945945946,-0.109189189189189,-4.45945945945946,-0.109189189189189,-4.95945945945946
-0.0210810810810811,-3.95945945945946,-0.0210810810810811,-4.45945945945946,-0.0210810810810811,-4.95945945945946
0.0670270270270271,-3.95945945945946,0.0670270270270271,-4.45945945945946,0.0670270270270271,-4.95945945945946
0.155135135135135,-3.95945945945946,0.155135135135135,-4.45945945945946,0.155135135135135,-4.95945945945946
0.243243243243243,-3.95945945945946,0.243243243243243,-4.45945945945946,0.243243243243243,-4.95945945945946
0.251093845040551,-3.95884355755455,0.337107123063206,-4.45124743406065,0.423931211896671,-4.94365131056676
0.259811627432122,-3.956474025167,0.428118996392253,-4.42686087610049,0.599129068055088,-4.89670718649345
0.263513513513514,-3.95402805691018,0.513513513513514,-4.3870407588024,0.763513513513514,-4.82005346069462
0.269302200392697,-3.94997477472104,0.590696005235967,-4.33299699628053,0.912089810079237,-4.71601921784002
0.274299099045364,-3.94497787606837,0.657321320604853,-4.26637168091164,1.04034354216434,-4.58776548575491
0.278352381234504,-3.93918918918919,0.711365083126724,-4.18918918918919,1.14437778501894,-4.43918918918919
0.278636187329158,-3.9381900058105,0.751185200424815,-4.10379467206793,1.22103151081777,-4.27480474373076
0.282357071068062,-3.93406681801352,0.775571758384978,-4.01278279873888,1.26797563489108,-4.09960688757235
0.285405405405405,-3.91891891891892,0.783783783783784,-3.91891891891892,1.28351351351351,-3.92972972972973
0.289883477015058,-3.80641669704536,0.786952455592238,-3.86047620625733,1.28429170443969,-3.91318436411795
0.297491321139223,-3.75057819277618,0.790904582409986,-3.83146919105256,1.28431784368075,-3.91263045959921
0.308111043382748,-3.6952334608615,0.796421321237791,-3.80271868096701,1.28446132882256,-3.9104741713428
0.321711494270538,-3.64054483693581,0.80348649053015,-3.77430900620042,1.28472094624922,-3.90942452681638
0.338252781336814,-3.58667273215581,0.812079366928215,-3.7463234972238,1.28563568224935,-3.90624453256206
0.357686386136582,-3.53377516268685,0.822174746044978,-3.7188442403568,1.28666310595337,-3.90310250721595
0.379955306558599,-3.48200728621432,0.833743016394078,-3.69195183699445,1.28753072622956,-3.90189638777459
0.404994224022382,-3.43152094683941,0.846750246245393,-3.6657251671893,1.2885062684684,-3.8999293875392
0.43272969506886,-3.38246422969418,0.861158283152654,-3.64024115828269,1.28958687123645,-3.8980180868712
0.463080366782695,-3.33498102658239,0.87692486586114,-3.61557455926358,1.29076936493959,-3.89616809194477
0.495957215414397,-3.28921061392,0.894003748267219,-3.59179772151689,1.29205028112004,-3.89438482911377
0.531263807502325,-3.2452872442135,0.912344835066143,-3.56898038660442,1.29342586262996,-3.89267352899533
0.568896582728634,-3.20333975227414,0.931894328690199,-3.54718948170085,1.29489207465177,-3.89103921112757
0.608745157679546,-3.16349117732323,0.952594887106258,-3.52648892328479,1.29644461653297,-3.88948666924636
0.650692649618909,-3.12585840209692,0.974385792009823,-3.50693942966074,1.29807893440074,-3.88802045722456
0.694616019325406,-3.09055181000899,0.997203126922289,-3.48859834286181,1.29979023451917,-3.88664487571464
0.740386431987792,-3.05767496137729,1.02097996466898,-3.47151946045574,1.30157349735017,-3.88536395953418
0.787869635099586,-3.02732428966345,1.0456465636881,-3.45575287774725,1.30342349227661,-3.88418146583104
0.836926352244813,-2.99958881861698,1.07113057259471,-3.44134484083999,1.3053347929446,-3.883100863063
0.887412691619725,-2.97454990115319,1.09735724239986,-3.42833761098867,1.30730179317999,-3.88212532082415
0.939180568092251,-2.95228098073118,1.12424964576221,-3.41676934063957,1.30931872343217,-3.88125770054797
0.99207813756121,-2.93284737593141,1.1517289026292,-3.40667396152281,1.31137966769719,-3.88050054711421
1.04595024234122,-2.91630608886513,1.17971441160583,-3.39808108512474,1.31347858087044,-3.87985608138436
1.10063886626691,-2.90270563797734,1.20812408637242,-3.39101591583239,1.31560930647793,-3.87932619368743
1.15598359818158,-2.89208591573382,1.23687459645797,-3.38549917700458,1.31776559473435,-3.87891243827534
1.21182210245076,-2.88447807160965,1.26588161166273,-3.38154705018683,1.31994112087471,-3.87861602876401
1.26799059512058,-2.87990442072248,1.29506004941329,-3.37917112764804,1.322129503706,-3.8784378345736
1.32432432432432,-2.87837837837838,1.32432432432432,-3.37837837837838,1.32432432432432,-3.87837837837838
1.38155802861685,-2.87837837837838,1.38155802861685,-3.37837837837838,1.38155802861685,-3.87837837837838
1.43879173290938,-2.87837837837838,1.43879173290938,-3.37837837837838,1.43879173290938,-3.87837837837838
1.49602543720191,-2.87837837837838,1.49602543720191,-3.37837837837838,1.49602543720191,-3.87837837837838
1.55325914149444,-2.87837837837838,1.55325914149444,-3.37837837837838,1.55325914149444,-3.87837837837838
1.61049284578696,-2.87837837837838,1.61049284578696,-3.37837837837838,1.61049284578696,-3.87837837837838
1.66772655007949,-2.87837837837838,1.66772655007949,-3.37837837837838,1.66772655007949,-3.87837837837838
1.72496025437202,-2.87837837837838,1.72496025437202,-3.37837837837838,1.72496025437202,-3.87837837837838
1.78219395866455,-2.87837837837838,1.78219395866455,-3.37837837837838,1.78219395866455,-3.87837837837838
1.83942766295708,-2.87837837837838,1.83942766295708,-3.37837837837838,1.83942766295708,-3.87837837837838
1.8966613672496,-2.87837837837838,1.8966613672496,-3.37837837837838,1.8966613672496,-3.87837837837838
1.95389507154213,-2.87837837837838,1.95389507154213,-3.37837837837838,1.95389507154213,-3.87837837837838
2.01112877583466,-2.87837837837838,2.01112877583466,-3.37837837837838,2.01112877583466,-3.87837837837838
2.06836248012719,-2.87837837837838,2.06836248012719,-3.37837837837838,2.06836248012719,-3.87837837837838
2.12559618441971,-2.87837837837838,2.12559618441971,-3.37837837837838,2.12559618441971,-3.87837837837838
2.18282988871224,-2.87837837837838,2.18282988871224,-3.37837837837838,2.18282988871224,-3.87837837837838
2.24006359300477,-2.87837837837838,2.24006359300477,-3.37837837837838,2.24006359300477,-3.87837837837838
2.2972972972973,-2.87837837837838,2.2972972972973,-3.37837837837838,2.2972972972973,-3.87837837837838
2.36449473188714,-2.87691212513962,2.38630442556981,-3.37643623593055,2.40811411925248,-3.87596034672148
2.43156425234099,-2.87251615651972,2.47514212371482,-3.37061350556559,2.51871999508865,-3.86871085461146
2.49837818801467,-2.86519884049479,2.5636412841247,-3.36092127118169,2.62890438023473,-3.8566437018686
2.56480935478419,-2.85497410599178,2.65163344361766,-3.34737798249788,2.73845753245112,-3.83978185900399
2.63073129714789,-2.84186141637395,2.73895110411694,-3.33000941993392,2.84717091108599,-3.81815742349389
2.69601852894172,-2.82588573239127,2.82542805149298,-3.3088486455358,2.95483757404424,-3.79181155868034
2.76054677220929,-2.80707746466619,2.91089967196142,-3.2839359400403,3.06125257171356,-3.76079441541441
2.82419319377198,-2.78547241580532,2.99520326543481,-3.25531872619827,3.16621333709765,-3.72516503659123
2.88683663904892,-2.76111171224712,3.07817835523147,-3.22305147850276,3.26952007141401,-3.6849912447584
2.94835786268162,-2.73404172597538,3.15966699355197,-3.1871956194937,3.37097612442232,-3.64034951301203
3.00863975552424,-2.70431398624753,3.23951406214176,-3.14781940283664,3.47038836875928,-3.59132481942575
3.06756756756757,-2.67198508150576,3.31756756756757,-3.10499778339798,3.56756756756757,-3.5380104852902
3.12502912637213,-2.63711655165769,3.39367893054555,-3.05881227456413,3.66232873471896,-3.48050799747057
3.18091505059486,-2.59977477093169,3.46770326877038,-3.00935079307619,3.7544914869459,-3.41892681522068
3.23511895820262,-2.56003082152974,3.53949967270698,-2.95670749167536,3.84388038721134,-3.35338416182098
3.28753766897656,-2.51796035831843,3.60893147381983,-2.90098257987791,3.9303252786631,-3.2840048014374
3.33807140092142,-2.4736434648156,3.67586650472925,-2.84228213322066,4.01366160853708,-3.21092080162572
3.3866239602063,-2.42716450074684,3.74017735079958,-2.78071789134012,4.09373074139285,-3.13427128193339
3.43310292427506,-2.37861194146196,3.80174159268012,-2.71640704526979,4.17038026108518,-3.05420214907762
3.47741981777789,-2.3280782095171,3.86044203933737,-2.64947201436037,4.24346426089686,-2.97086581920364
3.5194902809892,-2.27565949874316,3.91616695113482,-2.58004021324752,4.31284362128044,-2.88442092775189
3.55923423039115,-2.2214555911354,3.96881025253565,-2.50824380931092,4.37838627468014,-2.79503202748644
3.59657601111715,-2.16556966691267,4.01827173402359,-2.43421947108609,4.43996745693003,-2.7028692752595
3.63144454096522,-2.10810810810811,4.06445724285744,-2.35810810810811,4.49746994474966,-2.60810810810811
3.66377344570699,-2.04918029606478,4.1072788622961,-2.2800546026823,4.55078427888521,-2.51092890929982
3.69350118543484,-1.98889840322216,4.14665507895316,-2.20020753409251,4.59980897247149,-2.41151666496286
3.72057117170658,-1.92737717958946,4.18251093796222,-2.11871889577201,4.64445070421786,-2.31006061195455
3.74493187526478,-1.86473373431252,4.21477818565773,-2.03574380597535,4.68462449605069,-2.20675387763819
3.76653692412565,-1.80108731274983,4.24339539949976,-1.95144021250196,4.72025387487387,-2.1017931122541
3.78534519185073,-1.73655906948226,4.26830810499526,-1.86596859203352,4.7512710181398,-1.99537811458478
3.80132087583341,-1.67127183768843,4.28946887939338,-1.77949164465748,4.77761688295335,-1.88771145162653
3.81443356545124,-1.60534989532473,4.30683744195734,-1.6921739841582,4.79924131846345,-1.77899807299166
3.82465829995425,-1.53891872855521,4.32038073064115,-1.60418182466524,4.81610316132806,-1.66944492077527
3.83197561597918,-1.47210479288153,4.33007296502505,-1.51568266425536,4.82817031407092,-1.55926053562919
3.83637158459908,-1.40503527242768,4.33589569539001,-1.42684496611035,4.83541980618094,-1.44865465979302
3.83783783783784,-1.33783783783784,4.33783783783784,-1.33783783783784,4.83783783783784,-1.33783783783784
3.83783783783784,-1.25045045045045,4.33783783783784,-1.25045045045045,4.83783783783784,-1.25045045045045
3.83783783783784,-1.16306306306306,4.33783783783784,-1.16306306306306,4.83783783783784,-1.16306306306306
3.83783783783784,-1.07567567567568,4.33783783783784,-1.07567567567568,4.83783783783784,-1.07567567567568
3.83783783783784,-0.988288288288288,4.33783783783784,-0.988288288288288,4.83783783783784,-0.988288288288288
3.83783783783784,-0.9009009009009,4.33783783783784,-0.9009009009009,4.83783783783784,-0.9009009009009
3.83783783783784,-0.813513513513513,4.33783783783784,-0.813513513513513,4.83783783783784,-0.813513513513513
3.83783783783784,-0.726126126126126,4.33783783783784,-0.726126126126126,4.83783783783784,-0.726126126126126
3.83783783783784,-0.638738738738739,4.33783783783784,-0.638738738738739,4.83783783783784,-0.638738738738739
3.83783783783784,-0.551351351351352,4.33783783783784,-0.551351351351352,4.83783783783784,-0.551351351351352
3.83783783783784,-0.463963963963965,4.33783783783784,-0.463963963963965,4.83783783783784,-0.463963963963965
3.83783783783784,-0.376576576576577,4.33783783783784,-0.376576576576577,4.83783783783784,-0.376576576576577
3.83783783783784,-0.289189189189189,4.33783783783784,-0.289189189189189,4.83783783783784,-0.289189189189189
3.83783783783784,-0.201801801801802,4.33783783783784,-0.201801801801802,4.83783783783784,-0.201801801801802
3.83783783783784,-0.114414414414415,4.33783783783784,-0.114414414414415,4.83783783783784,-0.114414414414415
3.83783783783784,-0.027027027027027,4.33783783783784,-0.027027027027027,4.83783783783784,-0.027027027027027
3.83783783783784,0.0603603603603608,4.33783783783784,0.0603603603603608,4.83783783783784,0.0603603603603608
3.83783783783784,0.147747747747748,4.33783783783784,0.147747747747748,4.83783783783784,0.147747747747748
3.83783783783784,0.235135135135135,4.33783783783784,0.235135135135135,4.83783783783784,0.235135135135135
3.83783783783784,0.322522522522523,4.33783783783784,0.322522522522523,4.83783783783784,0.322522522522523
3.83783783783784,0.40990990990991,4.33783783783784,0.40990990990991,4.83783783783784,0.40990990990991
3.83783783783784,0.497297297297297,4.33783783783784,0.497297297297297,4.83783783783784,0.497297297297297
3.83783783783784,0.584684684684685,4.33783783783784,0.584684684684685,4.83783783783784,0.584684684684685
3.83783783783784,0.672072072072072,4.33783783783784,0.672072072072072,4.83783783783784,0.672072072072072
3.83783783783784,0.759459459459459,4.33783783783784,0.759459459459459,4.83783783783784,0.759459459459459
3.83783783783784,0.846846846846847,4.33783783783784,0.846846846846847,4.83783783783784,0.846846846846847
3.83783783783784,0.934234234234234,4.33783783783784,0.934234234234234,4.83783783783784,0.934234234234234
3.83783783783784,1.02162162162162,4.33783783783784,1.02162162162162,4.83783783783784,1.02162162162162
3.83783783783784,1.10900900900901,4.33783783783784,1.10900900900901,4.83783783783784,1.10900900900901
3.83783783783784,1.1963963963964,4.33783783783784,1.1963963963964,4.83783783783784,1.1963963963964
3.83783783783784,1.28378378378378,4.33783783783784,1.28378378378378,4.83783783783784,1.28378378378378
3.83663040806542,1.3560323827193,4.33635118993054,1.37273987122313,4.83607197179567,1.38944735972697
3.8330094672933,1.42820028917864,4.33189290660488,1.4615966060512,4.83077634591646,1.49499292292376
3.82697905965082,1.50020690080886,4.32446796719507,1.55025474662091,4.82195687473932,1.60030259243296
3.81854592033466,1.57197179540277,4.31408466441205,1.63861527308965,4.80962340848944,1.70525875077654
3.80771946808655,1.64341482072028,4.30075459508156,1.72657949801185,4.79378972207658,1.80974417530341
3.7945117946737,1.71445618400829,4.284492647192,1.81404917656021,4.77447349971029,1.91364216911213
3.77893765138386,1.78501654111898,4.26531698326638,1.90092661625274,4.7516963151489,2.01683669138651
3.76101443255,1.85501708512711,4.24324902007719,1.98711478606275,4.72548360760438,2.11921248699839
3.74076215612305,1.92437963434732,4.21831340472651,2.07251742479013,4.69586465332997,2.22065521523295
3.71820344131442,1.99302671965312,4.19053798711838,2.15703914857291,4.66287253292234,2.32105157749269
3.6933634833332,2.06088167100003,4.159953788854,2.24058555741878,4.6265440943748,2.42028944383754
3.66627002524633,2.12786870305621,4.12659496858455,2.32306334063795,4.58691991192276,2.5182579782197
3.63695332699317,2.19391299984505,4.09049878386034,2.40438038105922,4.54404424072751,2.61484776227338
3.60544613158893,2.25894079830509,4.05170554951887,2.48444585791314,4.49796496744881,2.70995091752119
3.57178362855497,2.32287947067391,4.0102585926583,2.56317034826725,4.44873355676164,2.8034612258606
3.53600341461652,2.38565760560415,3.96620420424659,2.6404659269001,4.39640499387666,2.89527424819606
3.49814545171199,2.44720508792081,3.91959158742039,2.71624626450249,4.34103772312879,2.98528744108418
3.45825202236056,2.50745317693102,3.87047280253144,2.79042672409631,4.28269358270232,3.07340027126161
3.41636768243797,2.56633458319861,3.81890270900176,2.86292445556328,4.22143773556554,3.15951432792796
3.37253921141332,2.62378354369783,3.76493890405265,2.93365848817795,4.15733859669198,3.24353343265807
3.32681556010234,2.67973589526228,3.70864165837601,3.00254982104168,4.09046775664967,3.32536374682108
3.27924779599559,2.73412914624697,3.65007384881956,3.06952151131658,4.02089990164354,3.40491387638619
3.22988904622255,2.78690254632355,3.58930088816152,3.13449876016087,3.94871273010048,3.48209497399819
3.17879443821544,2.83799715433066,3.52639065205276,3.19740899626962,3.87398686589009,3.55682083820859
3.12602103813886,2.88735590410369,3.46141340320847,3.25818195692767,3.79680576827809,3.62900800975165
3.07162778715417,2.93492366821045,3.39444171293357,3.31674976648411,3.71725563871297,3.69857586475778
3.01567543558972,2.98064731952143,3.32555038006984,3.37304701216076,3.63542532454996,3.76544670480009
2.9582264750905,3.02447579054608,3.25481634745518,3.42701081710986,3.55140621981985,3.82954584367365
2.89934506882291,3.06636013046867,3.18231861598821,3.47858091063955,3.4652921631535,3.89080169081043
2.8390969798127,3.1062535598201,3.10813815639439,3.5276996955285,3.37717933297607,3.9491458312369
2.77754949749604,3.14411152272463,3.032357818792,3.5743123123547,3.28716614008796,4.00451310198477
2.7147713625658,3.17989173666307,2.95506224015915,3.61836670076641,3.19535311775249,4.05684166486975
2.65083269019698,3.21355423969704,2.87633774980503,3.65981365762698,3.10184280941308,4.10607307555692
2.58580489173694,3.24506143510128,2.79627227295111,3.69860689196845,3.00673965416528,4.15215234883562
2.5197605949481,3.27437813335444,2.71495523252984,3.73470307669265,2.91014987011159,4.19502802003087
2.45277356289192,3.3014715914413,2.63247744931068,3.7680618969621,2.81218133572943,4.23465220248291
2.38491861154501,3.32631154942253,2.5489310404648,3.79864609522649,2.71294346938458,4.27098064103045
2.31627152623921,3.34887026423116,2.46440931668203,3.82642151283462,2.61254710712484,4.30397276143808
2.246908977019,3.36912254065811,2.37900667795464,3.8513571281853,2.51110437889028,4.33359171571249
2.17690843301087,3.38704575949197,2.29281850814464,3.87342509137449,2.4087285832784,4.35980442325701
2.10634807590019,3.40261990278181,2.20594106845211,3.8926007553001,2.30553406100402,4.3825816078184
2.03530671261217,3.41582757619466,2.11847138990374,3.90886270318967,2.2016360671953,4.40189783018469
1.96386368729466,3.42665402844277,2.03050716498155,3.92219277252016,2.09715064266844,4.41773151659755
1.89209879270075,3.43508716775893,1.9421466385128,3.93257607530318,1.99219448432485,4.43006498284743
1.82009218107053,3.44111757540141,1.85348849794309,3.94000101471299,1.88688481481566,4.43888445402457
1.74792427461119,3.44473851617352,1.76463176311503,3.94445929803865,1.78133925161886,4.44418007990378
1.67567567567568,3.44594594594595,1.67567567567568,3.94594594594595,1.67567567567568,4.44594594594595
1.5847972972973,3.44594594594595,1.5847972972973,3.94594594594595,1.5847972972973,4.44594594594595
1.49391891891892,3.44594594594595,1.49391891891892,3.94594594594595,1.49391891891892,4.44594594594595
1.40304054054054,3.44594594594595,1.40304054054054,3.94594594594595,1.40304054054054,4.44594594594595
1.31216216216216,3.44594594594595,1.31216216216216,3.94594594594595,1.31216216216216,4.44594594594595
1.22128378378378,3.44594594594595,1.22128378378378,3.94594594594595,1.22128378378378,4.44594594594595
1.13040540540541,3.44594594594595,1.13040540540541,3.94594594594595,1.13040540540541,4.44594594594595
1.03952702702703,3.44594594594595,1.03952702702703,3.94594594594595,1.03952702702703,4.44594594594595
0.948648648648649,3.44594594594595,0.948648648648649,3.94594594594595,0.948648648648649,4.44594594594595
0.857770270270271,3.44594594594595,0.857770270270271,3.94594594594595,0.857770270270271,4.44594594594595
0.766891891891892,3.44594594594595,0.766891891891892,3.94594594594595,0.766891891891892,4.44594594594595
0.676013513513513,3.44594594594595,0.676013513513513,3.94594594594595,0.676013513513513,4.44594594594595
0.585135135135135,3.44594594594595,0.585135135135135,3.94594594594595,0.585135135135135,4.44594594594595
0.494256756756757,3.44594594594595,0.494256756756757,3.94594594594595,0.494256756756757,4.44594594594595
0.403378378378378,3.44594594594595,0.403378378378378,3.94594594594595,0.403378378378378,4.44594594594595
0.3125,3.44594594594595,0.3125,3.94594594594595,0.3125,4.44594594594595
0.221621621621622,3.44594594594595,0.221621621621622,3.94594594594595,0.221621621621622,4.44594594594595
0.130743243243243,3.44594594594595,0.130743243243243,3.94594594594595,0.130743243243243,4.44594594594595
0.0398648648648647,3.44594594594595,0.0398648648648647,3.94594594594595,0.0398648648648647,4.44594594594595
-0.0510135135135136,3.44594594594595,-0.0510135135135136,3.94594594594595,-0.0510135135135136,4.44594594594595
-0.141891891891892,3.44594594594595,-0.141891891891892,3.94594594594595,-0.141891891891892,4.44594594594595
-0.23277027027027,3.44594594594595,-0.23277027027027,3.94594594594595,-0.23277027027027,4.44594594594595
-0.323648648648649,3.44594594594595,-0.323648648648649,3.94594594594595,-0.323648648648649,4.44594594594595
-0.414527027027027,3.44594594594595,-0.414527027027027,3.94594594594595,-0.414527027027027,4.44594594594595
-0.505405405405406,3.44594594594595,-0.505405405405406,3.94594594594595,-0.505405405405406,4.44594594594595
-0.596283783783784,3.44594594594595,-0.596283783783784,3.94594594594595,-0.596283783783784,4.44594594594595
-0.687162162162162,3.44594594594595,-0.687162162162162,3.94594594594595,-0.687162162162162,4.44594594594595
-0.778040540540541,3.44594594594595,-0.778040540540541,3.94594594594595,-0.778040540540541,4.44594594594595
-0.868918918918919,3.44594594594595,-0.868918918918919,3.94594594594595,-0.868918918918919,4.44594594594595
-0.959797297297297,3.44594594594595,-0.959797297297297,3.94594594594595,-0.959797297297297,4.44594594594595
-1.05067567567568,3.44594594594595,-1.05067567567568,3.94594594594595,-1.05067567567568,4.44594594594595
-1.14155405405405,3.44594594594595,-1.14155405405405,3.94594594594595,-1.14155405405405,4.44594594594595
-1.23243243243243,3.44594594594595,-1.23243243243243,3.94594594594595,-1.23243243243243,4.44594594594595
-1.32331081081081,3.44594594594595,-1.32331081081081,3.94594594594595,-1.32331081081081,4.44594594594595
-1.41418918918919,3.44594594594595,-1.41418918918919,3.94594594594595,-1.41418918918919,4.44594594594595
-1.50506756756757,3.44594594594595,-1.50506756756757,3.94594594594595,-1.50506756756757,4.44594594594595
-1.59594594594595,3.44594594594595,-1.59594594594595,3.94594594594595,-1.59594594594595,4.44594594594595
-1.68682432432432,3.44594594594595,-1.68682432432432,3.94594594594595,-1.68682432432432,4.44594594594595
-1.7777027027027,3.44594594594595,-1.7777027027027,3.94594594594595,-1.7777027027027,4.44594594594595
-1.86858108108108,3.44594594594595,-1.86858108108108,3.94594594594595,-1.86858108108108,4.44594594594595
-1.95945945945946,3.44594594594595,-1.95945945945946,3.94594594594595,-1.95945945945946,4.44594594594595
-1.96580139723136,3.44544682461872,-2.04401862975148,3.93929099491629,-2.12223586227159,4.43313516521386
-1.97198717544763,3.44396175066061,-2.12649567263511,3.91949000880819,-2.28100416982258,4.39501826695577
-1.97786447971917,3.44152729152115,-2.20485972958894,3.88703055361533,-2.43185497945872,4.33253381570952
-1.98328859130915,3.43820339166385,-2.27718121745539,3.84271188885132,-2.57107384360163,4.2472203860388
-1.98812595058864,3.43407189653459,-2.34167934118192,3.78762528712786,-2.69523273177519,4.14117867772114
-1.9922574457179,3.4292345372551,-2.39676594290538,3.72312716340134,-2.80127444009285,4.01701978954757
-1.9955813455752,3.42381042566512,-2.44108460766939,3.65080567553489,-2.88658786976357,3.87780092540466
-1.99801580471467,3.41793312139358,-2.47354406286225,3.57244161858105,-2.94907232100982,3.72695011576853
-1.99950087867278,3.41174734317731,-2.49334504897035,3.48996457569742,-2.98718921926791,3.56818180821754
-2,3.40540540540541,-2.5,3.40540540540541,-3,3.40540540540541
-1.99950087867278,3.3990634676335,-2.49334504897035,3.32084623511339,-2.98718921926791,3.24262900259327
-1.99801580471467,3.39287768941723,-2.47354406286225,3.23836919222976,-2.94907232100982,3.08386069504229
-1.9955813455752,3.38700038514569,-2.44108460766939,3.16000513527592,-2.88658786976357,2.93300988540615
-1.9922574457179,3.38157627355571,-2.39676594290538,3.08768364740947,-2.80127444009285,2.79379102126324
-1.98812595058864,3.37673891427622,-2.34167934118192,3.02318552368295,-2.69523273177519,2.66963213308967
